{
  "author": "Siddique Hameed",
  "name": "angular-timer",
  "version": "1.1.6",
  "homepage": "https://github.com/siddii/angular-timer",
  "description": "Angular-Timer : A simple AngularJS directive demonstrating re-usability & interoperability",
  "repository": {
    "type": "git",
    "url": "git://github.com/siddii/angular-timer.git"
  },
  "dependencies": {
    "angular": ">= 1.0.7"
  },
  "devDependencies": {
    "bootstrap": "2.3.2",
    "angular-scenario": ">= 1.0.7",
    "angular-mocks": ">= 1.0.7"
  },
  "main": "./dist/angular-timer.js",
  "ignore": [
    "./node_modules/",
    "./bower_components/"
  ],
  "_release": "1.1.6",
  "_resolution": {
    "type": "version",
    "tag": "v1.1.6",
    "commit": "9920b726503b4784c83ed97c456c6848bff7b00c"
  },
  "_source": "git://github.com/siddii/angular-timer.git",
  "_target": "~1.1.6",
  "_originalSource": "angular-timer",
  "_direct": true
}