{
  "name": "angular-growl-notifications",
  "version": "2.0.0",
  "main": [
    "dist/angular-growl-notifications.js"
  ],
  "keywords": [
    "angular",
    "angularjs",
    "growl",
    "notification",
    "notifications"
  ],
  "authors": [
    {
      "name": "Jurgen Van de Moere",
      "email": "jurgen.van.de.moere@gmail.com",
      "homepage": "http://www.jvandemo.com"
    }
  ],
  "ignore": [
    "src",
    "test",
    ".bowerrc",
    ".editorconfig",
    ".gitignore",
    ".jshintrc",
    ".travis.yml",
    "Gruntfile.js",
    "package.json"
  ],
  "repository": {
    "type": "git",
    "url": "git://github.com/jvandemo/angular-growl-notifications.git"
  },
  "dependencies": {
    "angular": "~1.2.22"
  },
  "homepage": "https://github.com/jvandemo/angular-growl-notifications",
  "_release": "2.0.0",
  "_resolution": {
    "type": "version",
    "tag": "v2.0.0",
    "commit": "418aeaf46d4f0d46c72bef0df6c72219ace42fc7"
  },
  "_source": "git://github.com/jvandemo/angular-growl-notifications.git",
  "_target": "~2.0.0",
  "_originalSource": "angular-growl-notifications",
  "_direct": true
}